"","school","contact","contact_chars","emails"
"1","UCLA","Bob Sanders, bobsanders@ucla.edu","Bob Sanders, bobsanders@ucla.edu","bobsanders@ucla.edu"
"2","USC","Money Penny, moneypenny@usc.edu, 202-245-3822","Money Penny, moneypenny@usc.edu, 202-245-3822","moneypenny@usc.edu"
"3","SDSU","Odd Job oddjob123@sdsu.edu 123-123-123","Odd Job oddjob123@sdsu.edu 123-123-123","oddjob123@sdsu.edu"
"4","GWU","George Washington, george.wash@gwu.edu","George Washington, george.wash@gwu.edu","george.wash@gwu.edu"
